sample,lk_gauss,lk_kde,num_bursts
7d,0.10146767642203498,0.10546097722751416,1396.0
12d,0.10032543600565927,0.10083663584325098,722.0
17d,0.10501414481508271,0.1049723756906181,1045.0
22d,0.0972732873400931,0.08813928182808348,580.0
27d,0.0892392396553799,0.08672027820040071,401.0
mean,0.09866395684764999,0.09722590975797349,828.8
std,0.005952005953868326,0.009135049467519868,395.21475174897006
